"Data";"Região";"Vendedor";"Produto";"Receita";"Custo"
"2026-07-01";"Sudeste";"Ana Costa";"Plano Business";"320";"128"
"2026-07-01";"Nordeste";"Bruno Lima";"Plano Pro";"490.5";"245.25"
"2026-07-01";"Sul";"Carla Souza";"Consultoria";"661";"396.6"
"2026-07-01";"Centro-Oeste";"Diego Alves";"Treinamento";"831.5";"332.6"
"2026-07-02";"Nordeste";"Elisa Rocha";"Plano Business";"1002";"501"
"2026-07-02";"Norte";"Ana Costa";"Plano Pro";"1172.5";"703.5"
"2026-07-02";"Centro-Oeste";"Bruno Lima";"Consultoria";"1343";"537.2"
"2026-07-02";"Sudeste";"Carla Souza";"Treinamento";"1513.5";"756.75"
"2026-07-03";"Norte";"Diego Alves";"Plano Business";"1684";"1010.4"
"2026-07-03";"Sul";"Elisa Rocha";"Plano Pro";"1553";"621.2"
"2026-07-03";"Sudeste";"Ana Costa";"Consultoria";"373.5";"186.75"
"2026-07-03";"Nordeste";"Bruno Lima";"Treinamento";"544";"326.4"
"2026-07-04";"Sul";"Carla Souza";"Plano Business";"714.5";"285.8"
"2026-07-04";"Sudeste";"Diego Alves";"Plano Pro";"885";"442.5"
"2026-07-04";"Nordeste";"Elisa Rocha";"Consultoria";"1055.5";"633.3"
"2026-07-04";"Sul";"Ana Costa";"Treinamento";"1226";"490.4"
"2026-07-05";"Centro-Oeste";"Bruno Lima";"Plano Business";"1396.5";"698.25"
"2026-07-05";"Nordeste";"Carla Souza";"Plano Pro";"1567";"940.2"
"2026-07-05";"Norte";"Diego Alves";"Consultoria";"1436";"574.4"
"2026-07-05";"Centro-Oeste";"Elisa Rocha";"Treinamento";"1606.5";"803.25"
"2026-07-06";"Sudeste";"Ana Costa";"Plano Business";"427";"256.2"
"2026-07-06";"Norte";"Bruno Lima";"Plano Pro";"597.5";"239"
"2026-07-06";"Sul";"Carla Souza";"Consultoria";"768";"384"
"2026-07-06";"Sudeste";"Diego Alves";"Treinamento";"938.5";"563.1"
"2026-07-07";"Nordeste";"Elisa Rocha";"Plano Business";"1109";"443.6"
"2026-07-07";"Sul";"Ana Costa";"Plano Pro";"1279.5";"639.75"
"2026-07-07";"Sudeste";"Bruno Lima";"Consultoria";"1450";"870"
"2026-07-07";"Nordeste";"Carla Souza";"Treinamento";"1319";"527.6"
"2026-07-08";"Sul";"Diego Alves";"Plano Business";"1489.5";"744.75"
"2026-07-08";"Centro-Oeste";"Elisa Rocha";"Plano Pro";"1660";"996"
"2026-07-08";"Nordeste";"Ana Costa";"Consultoria";"480.5";"192.2"
"2026-07-08";"Norte";"Bruno Lima";"Treinamento";"651";"325.5"
"2026-07-09";"Centro-Oeste";"Carla Souza";"Plano Business";"821.5";"492.9"
"2026-07-09";"Sudeste";"Diego Alves";"Plano Pro";"992";"396.8"
"2026-07-09";"Norte";"Elisa Rocha";"Consultoria";"1162.5";"581.25"
"2026-07-09";"Sul";"Ana Costa";"Treinamento";"1333";"799.8"
"2026-07-10";"Sudeste";"Bruno Lima";"Plano Business";"1202";"480.8"
"2026-07-10";"Nordeste";"Carla Souza";"Plano Pro";"1372.5";"686.25"
"2026-07-10";"Sul";"Diego Alves";"Consultoria";"1543";"925.8"
"2026-07-10";"Sudeste";"Elisa Rocha";"Treinamento";"1713.5";"685.4"
"2026-07-11";"Nordeste";"Ana Costa";"Plano Business";"534";"267"
"2026-07-11";"Sul";"Bruno Lima";"Plano Pro";"704.5";"422.7"
"2026-07-11";"Centro-Oeste";"Carla Souza";"Consultoria";"875";"350"
"2026-07-11";"Nordeste";"Diego Alves";"Treinamento";"1045.5";"522.75"
"2026-07-12";"Norte";"Elisa Rocha";"Plano Business";"1216";"729.6"
"2026-07-12";"Centro-Oeste";"Ana Costa";"Plano Pro";"1085";"434"
"2026-07-12";"Sudeste";"Bruno Lima";"Consultoria";"1255.5";"627.75"
"2026-07-12";"Norte";"Carla Souza";"Treinamento";"1426";"855.6"
"2026-07-13";"Sul";"Diego Alves";"Plano Business";"1596.5";"638.6"
"2026-07-13";"Sudeste";"Elisa Rocha";"Plano Pro";"1767";"883.5"
"2026-07-13";"Nordeste";"Ana Costa";"Consultoria";"587.5";"352.5"
"2026-07-13";"Sul";"Bruno Lima";"Treinamento";"758";"303.2"
"2026-07-14";"Sudeste";"Carla Souza";"Plano Business";"928.5";"464.25"
"2026-07-14";"Nordeste";"Diego Alves";"Plano Pro";"1099";"659.4"
"2026-07-14";"Sul";"Elisa Rocha";"Consultoria";"968";"387.2"
"2026-07-14";"Centro-Oeste";"Ana Costa";"Treinamento";"1138.5";"569.25"
"2026-07-15";"Nordeste";"Bruno Lima";"Plano Business";"1309";"785.4"
"2026-07-15";"Norte";"Carla Souza";"Plano Pro";"1479.5";"591.8"
"2026-07-15";"Centro-Oeste";"Diego Alves";"Consultoria";"1650";"825"
"2026-07-15";"Sudeste";"Elisa Rocha";"Treinamento";"1820.5";"1092.3"
"2026-07-16";"Norte";"Ana Costa";"Plano Business";"641";"256.4"
"2026-07-16";"Sul";"Bruno Lima";"Plano Pro";"811.5";"405.75"
"2026-07-16";"Sudeste";"Carla Souza";"Consultoria";"982";"589.2"
"2026-07-16";"Nordeste";"Diego Alves";"Treinamento";"851";"340.4"
"2026-07-17";"Sul";"Elisa Rocha";"Plano Business";"1021.5";"510.75"
"2026-07-17";"Sudeste";"Ana Costa";"Plano Pro";"1192";"715.2"
"2026-07-17";"Nordeste";"Bruno Lima";"Consultoria";"1362.5";"545"
"2026-07-17";"Sul";"Carla Souza";"Treinamento";"1533";"766.5"
"2026-07-18";"Centro-Oeste";"Diego Alves";"Plano Business";"1703.5";"1022.1"
"2026-07-18";"Nordeste";"Elisa Rocha";"Plano Pro";"524";"209.6"
"2026-07-18";"Norte";"Ana Costa";"Consultoria";"694.5";"347.25"
"2026-07-18";"Centro-Oeste";"Bruno Lima";"Treinamento";"865";"519"
"2026-07-19";"Sudeste";"Carla Souza";"Plano Business";"734";"293.6"
"2026-07-19";"Norte";"Diego Alves";"Plano Pro";"904.5";"452.25"
"2026-07-19";"Sul";"Elisa Rocha";"Consultoria";"1075";"645"
"2026-07-19";"Sudeste";"Ana Costa";"Treinamento";"1245.5";"498.2"
"2026-07-20";"Nordeste";"Bruno Lima";"Plano Business";"1416";"708"
"2026-07-20";"Sul";"Carla Souza";"Plano Pro";"1586.5";"951.9"
"2026-07-20";"Sudeste";"Diego Alves";"Consultoria";"1757";"702.8"
"2026-07-20";"Nordeste";"Elisa Rocha";"Treinamento";"577.5";"288.75"
"2026-07-21";"Sul";"Ana Costa";"Plano Business";"748";"448.8"
"2026-07-21";"Centro-Oeste";"Bruno Lima";"Plano Pro";"617";"246.8"
"2026-07-21";"Nordeste";"Carla Souza";"Consultoria";"787.5";"393.75"
"2026-07-21";"Norte";"Diego Alves";"Treinamento";"958";"574.8"
"2026-07-22";"Centro-Oeste";"Elisa Rocha";"Plano Business";"1128.5";"451.4"
"2026-07-22";"Sudeste";"Ana Costa";"Plano Pro";"1299";"649.5"
"2026-07-22";"Norte";"Bruno Lima";"Consultoria";"1469.5";"881.7"
"2026-07-22";"Sul";"Carla Souza";"Treinamento";"1640";"656"
"2026-07-23";"Sudeste";"Diego Alves";"Plano Business";"1810.5";"905.25"
"2026-07-23";"Nordeste";"Elisa Rocha";"Plano Pro";"631";"378.6"
"2026-07-23";"Sul";"Ana Costa";"Consultoria";"500";"200"
"2026-07-23";"Sudeste";"Bruno Lima";"Treinamento";"670.5";"335.25"
"2026-07-24";"Nordeste";"Carla Souza";"Plano Business";"841";"504.6"
"2026-07-24";"Sul";"Diego Alves";"Plano Pro";"1011.5";"404.6"
"2026-07-24";"Centro-Oeste";"Elisa Rocha";"Consultoria";"1182";"591"
"2026-07-24";"Nordeste";"Ana Costa";"Treinamento";"1352.5";"811.5"
"2026-07-25";"Norte";"Bruno Lima";"Plano Business";"1523";"609.2"
"2026-07-25";"Centro-Oeste";"Carla Souza";"Plano Pro";"1693.5";"846.75"
"2026-07-25";"Sudeste";"Diego Alves";"Consultoria";"1864";"1118.4"
"2026-07-25";"Norte";"Elisa Rocha";"Treinamento";"383";"153.2"
"2026-07-26";"Sul";"Ana Costa";"Plano Business";"553.5";"276.75"
"2026-07-26";"Sudeste";"Bruno Lima";"Plano Pro";"724";"434.4"
"2026-07-26";"Nordeste";"Carla Souza";"Consultoria";"894.5";"357.8"
"2026-07-26";"Sul";"Diego Alves";"Treinamento";"1065";"532.5"
"2026-07-27";"Sudeste";"Elisa Rocha";"Plano Business";"1235.5";"741.3"
"2026-07-27";"Nordeste";"Ana Costa";"Plano Pro";"1406";"562.4"
"2026-07-27";"Sul";"Bruno Lima";"Consultoria";"1576.5";"788.25"
"2026-07-27";"Centro-Oeste";"Carla Souza";"Treinamento";"1747";"1048.2"
"2026-07-28";"Nordeste";"Diego Alves";"Plano Business";"1616";"646.4"
"2026-07-28";"Norte";"Elisa Rocha";"Plano Pro";"436.5";"218.25"
"2026-07-28";"Centro-Oeste";"Ana Costa";"Consultoria";"607";"364.2"
"2026-07-28";"Sudeste";"Bruno Lima";"Treinamento";"777.5";"311"
"2026-07-29";"Norte";"Carla Souza";"Plano Business";"948";"474"
"2026-07-29";"Sul";"Diego Alves";"Plano Pro";"1118.5";"671.1"
"2026-07-29";"Sudeste";"Elisa Rocha";"Consultoria";"1289";"515.6"
"2026-07-29";"Nordeste";"Ana Costa";"Treinamento";"1459.5";"729.75"
"2026-07-30";"Sul";"Bruno Lima";"Plano Business";"1630";"978"
"2026-07-30";"Sudeste";"Carla Souza";"Plano Pro";"1499";"599.6"
"2026-07-30";"Nordeste";"Diego Alves";"Consultoria";"1669.5";"834.75"
"2026-07-30";"Sul";"Elisa Rocha";"Treinamento";"490";"294"
"2026-07-31";"Centro-Oeste";"Ana Costa";"Plano Business";"660.5";"264.2"
"2026-07-31";"Nordeste";"Bruno Lima";"Plano Pro";"831";"415.5"
"2026-07-31";"Norte";"Carla Souza";"Consultoria";"1001.5";"600.9"
"2026-07-31";"Centro-Oeste";"Diego Alves";"Treinamento";"1172";"468.8"
"2026-08-01";"Sudeste";"Elisa Rocha";"Plano Business";"1342.5";"671.25"
"2026-08-01";"Norte";"Ana Costa";"Plano Pro";"1513";"907.8"
"2026-08-01";"Sul";"Bruno Lima";"Consultoria";"1382";"552.8"
"2026-08-01";"Sudeste";"Carla Souza";"Treinamento";"1552.5";"776.25"
"2026-08-02";"Nordeste";"Diego Alves";"Plano Business";"1723";"1033.8"
"2026-08-02";"Sul";"Elisa Rocha";"Plano Pro";"543.5";"217.4"
"2026-08-02";"Sudeste";"Ana Costa";"Consultoria";"714";"357"
"2026-08-02";"Nordeste";"Bruno Lima";"Treinamento";"884.5";"530.7"
"2026-08-03";"Sul";"Carla Souza";"Plano Business";"1055";"422"
"2026-08-03";"Centro-Oeste";"Diego Alves";"Plano Pro";"1225.5";"612.75"
"2026-08-03";"Nordeste";"Elisa Rocha";"Consultoria";"1396";"837.6"
"2026-08-03";"Norte";"Ana Costa";"Treinamento";"1265";"506"
"2026-08-04";"Centro-Oeste";"Bruno Lima";"Plano Business";"1435.5";"717.75"
"2026-08-04";"Sudeste";"Carla Souza";"Plano Pro";"1606";"963.6"
"2026-08-04";"Norte";"Diego Alves";"Consultoria";"426.5";"170.6"
"2026-08-04";"Sul";"Elisa Rocha";"Treinamento";"597";"298.5"
"2026-08-05";"Sudeste";"Ana Costa";"Plano Business";"767.5";"460.5"
"2026-08-05";"Nordeste";"Bruno Lima";"Plano Pro";"938";"375.2"
"2026-08-05";"Sul";"Carla Souza";"Consultoria";"1108.5";"554.25"
"2026-08-05";"Sudeste";"Diego Alves";"Treinamento";"1279";"767.4"
"2026-08-06";"Nordeste";"Elisa Rocha";"Plano Business";"1148";"459.2"
"2026-08-06";"Sul";"Ana Costa";"Plano Pro";"1318.5";"659.25"
"2026-08-06";"Centro-Oeste";"Bruno Lima";"Consultoria";"1489";"893.4"
"2026-08-06";"Nordeste";"Carla Souza";"Treinamento";"1659.5";"663.8"
"2026-08-07";"Norte";"Diego Alves";"Plano Business";"480";"240"
"2026-08-07";"Centro-Oeste";"Elisa Rocha";"Plano Pro";"650.5";"390.3"
"2026-08-07";"Sudeste";"Ana Costa";"Consultoria";"821";"328.4"
"2026-08-07";"Norte";"Bruno Lima";"Treinamento";"991.5";"495.75"
"2026-08-08";"Sul";"Carla Souza";"Plano Business";"1162";"697.2"
"2026-08-08";"Sudeste";"Diego Alves";"Plano Pro";"1031";"412.4"
"2026-08-08";"Nordeste";"Elisa Rocha";"Consultoria";"1201.5";"600.75"
"2026-08-08";"Sul";"Ana Costa";"Treinamento";"1372";"823.2"
"2026-08-09";"Sudeste";"Bruno Lima";"Plano Business";"1542.5";"617"
"2026-08-09";"Nordeste";"Carla Souza";"Plano Pro";"1713";"856.5"
"2026-08-09";"Sul";"Diego Alves";"Consultoria";"533.5";"320.1"
"2026-08-09";"Centro-Oeste";"Elisa Rocha";"Treinamento";"704";"281.6"
"2026-08-10";"Nordeste";"Ana Costa";"Plano Business";"874.5";"437.25"
"2026-08-10";"Norte";"Bruno Lima";"Plano Pro";"1045";"627"
"2026-08-10";"Centro-Oeste";"Carla Souza";"Consultoria";"914";"365.6"
"2026-08-10";"Sudeste";"Diego Alves";"Treinamento";"1084.5";"542.25"
"2026-08-11";"Norte";"Elisa Rocha";"Plano Business";"1255";"753"
"2026-08-11";"Sul";"Ana Costa";"Plano Pro";"1425.5";"570.2"
"2026-08-11";"Sudeste";"Bruno Lima";"Consultoria";"1596";"798"
"2026-08-11";"Nordeste";"Carla Souza";"Treinamento";"1766.5";"1059.9"
"2026-08-12";"Sul";"Diego Alves";"Plano Business";"587";"234.8"
"2026-08-12";"Sudeste";"Elisa Rocha";"Plano Pro";"757.5";"378.75"
"2026-08-12";"Nordeste";"Ana Costa";"Consultoria";"928";"556.8"
"2026-08-12";"Sul";"Bruno Lima";"Treinamento";"797";"318.8"
"2026-08-13";"Centro-Oeste";"Carla Souza";"Plano Business";"967.5";"483.75"
"2026-08-13";"Nordeste";"Diego Alves";"Plano Pro";"1138";"682.8"
"2026-08-13";"Norte";"Elisa Rocha";"Consultoria";"1308.5";"523.4"
"2026-08-13";"Centro-Oeste";"Ana Costa";"Treinamento";"1479";"739.5"
"2026-08-14";"Sudeste";"Bruno Lima";"Plano Business";"1649.5";"989.7"
"2026-08-14";"Norte";"Carla Souza";"Plano Pro";"1820";"728"
"2026-08-14";"Sul";"Diego Alves";"Consultoria";"640.5";"320.25"
"2026-08-14";"Sudeste";"Elisa Rocha";"Treinamento";"811";"486.6"
"2026-08-15";"Nordeste";"Ana Costa";"Plano Business";"680";"272"
"2026-08-15";"Sul";"Bruno Lima";"Plano Pro";"850.5";"425.25"
"2026-08-15";"Sudeste";"Carla Souza";"Consultoria";"1021";"612.6"
"2026-08-15";"Nordeste";"Diego Alves";"Treinamento";"1191.5";"476.6"
"2026-08-16";"Sul";"Elisa Rocha";"Plano Business";"1362";"681"
"2026-08-16";"Centro-Oeste";"Ana Costa";"Plano Pro";"1532.5";"919.5"
"2026-08-16";"Nordeste";"Bruno Lima";"Consultoria";"1703";"681.2"
"2026-08-16";"Norte";"Carla Souza";"Treinamento";"1873.5";"936.75"
"2026-08-17";"Centro-Oeste";"Diego Alves";"Plano Business";"694";"416.4"
"2026-08-17";"Sudeste";"Elisa Rocha";"Plano Pro";"563";"225.2"
"2026-08-17";"Norte";"Ana Costa";"Consultoria";"733.5";"366.75"
"2026-08-17";"Sul";"Bruno Lima";"Treinamento";"904";"542.4"
"2026-08-18";"Sudeste";"Carla Souza";"Plano Business";"1074.5";"429.8"
"2026-08-18";"Nordeste";"Diego Alves";"Plano Pro";"1245";"622.5"
"2026-08-18";"Sul";"Elisa Rocha";"Consultoria";"1415.5";"849.3"
"2026-08-18";"Sudeste";"Ana Costa";"Treinamento";"1586";"634.4"
"2026-08-19";"Nordeste";"Bruno Lima";"Plano Business";"1756.5";"878.25"
"2026-08-19";"Sul";"Carla Souza";"Plano Pro";"1927";"1156.2"
"2026-08-19";"Centro-Oeste";"Diego Alves";"Consultoria";"446";"178.4"
"2026-08-19";"Nordeste";"Elisa Rocha";"Treinamento";"616.5";"308.25"
"2026-08-20";"Norte";"Ana Costa";"Plano Business";"787";"472.2"
"2026-08-20";"Centro-Oeste";"Bruno Lima";"Plano Pro";"957.5";"383"
"2026-08-20";"Sudeste";"Carla Souza";"Consultoria";"1128";"564"
"2026-08-20";"Norte";"Diego Alves";"Treinamento";"1298.5";"779.1"
"2026-08-21";"Sul";"Elisa Rocha";"Plano Business";"1469";"587.6"
"2026-08-21";"Sudeste";"Ana Costa";"Plano Pro";"1639.5";"819.75"
"2026-08-21";"Nordeste";"Bruno Lima";"Consultoria";"1810";"1086"
"2026-08-21";"Sul";"Carla Souza";"Treinamento";"329";"131.6"
"2026-08-22";"Sudeste";"Diego Alves";"Plano Business";"499.5";"249.75"
"2026-08-22";"Nordeste";"Elisa Rocha";"Plano Pro";"670";"402"
"2026-08-22";"Sul";"Ana Costa";"Consultoria";"840.5";"336.2"
"2026-08-22";"Centro-Oeste";"Bruno Lima";"Treinamento";"1011";"505.5"
"2026-08-23";"Nordeste";"Carla Souza";"Plano Business";"1181.5";"708.9"
"2026-08-23";"Norte";"Diego Alves";"Plano Pro";"1352";"540.8"
"2026-08-23";"Centro-Oeste";"Elisa Rocha";"Consultoria";"1522.5";"761.25"
"2026-08-23";"Sudeste";"Ana Costa";"Treinamento";"1693";"1015.8"
"2026-08-24";"Norte";"Bruno Lima";"Plano Business";"1562";"624.8"
"2026-08-24";"Sul";"Carla Souza";"Plano Pro";"382.5";"191.25"
"2026-08-24";"Sudeste";"Diego Alves";"Consultoria";"553";"331.8"
"2026-08-24";"Nordeste";"Elisa Rocha";"Treinamento";"723.5";"289.4"
"2026-08-25";"Sul";"Ana Costa";"Plano Business";"894";"447"
"2026-08-25";"Sudeste";"Bruno Lima";"Plano Pro";"1064.5";"638.7"
"2026-08-25";"Nordeste";"Carla Souza";"Consultoria";"1235";"494"
"2026-08-25";"Sul";"Diego Alves";"Treinamento";"1405.5";"702.75"
"2026-08-26";"Centro-Oeste";"Elisa Rocha";"Plano Business";"1576";"945.6"
"2026-08-26";"Nordeste";"Ana Costa";"Plano Pro";"1445";"578"
"2026-08-26";"Norte";"Bruno Lima";"Consultoria";"1615.5";"807.75"
"2026-08-26";"Centro-Oeste";"Carla Souza";"Treinamento";"436";"261.6"
"2026-08-27";"Sudeste";"Diego Alves";"Plano Business";"606.5";"242.6"
"2026-08-27";"Norte";"Elisa Rocha";"Plano Pro";"777";"388.5"
"2026-08-27";"Sul";"Ana Costa";"Consultoria";"947.5";"568.5"
"2026-08-27";"Sudeste";"Bruno Lima";"Treinamento";"1118";"447.2"
"2026-08-28";"Nordeste";"Carla Souza";"Plano Business";"1288.5";"644.25"
"2026-08-28";"Sul";"Diego Alves";"Plano Pro";"1459";"875.4"
"2026-08-28";"Sudeste";"Elisa Rocha";"Consultoria";"1328";"531.2"
"2026-08-28";"Nordeste";"Ana Costa";"Treinamento";"1498.5";"749.25"
"2026-08-29";"Sul";"Bruno Lima";"Plano Business";"1669";"1001.4"
"2026-08-29";"Centro-Oeste";"Carla Souza";"Plano Pro";"489.5";"195.8"
"2026-08-29";"Nordeste";"Diego Alves";"Consultoria";"660";"330"
"2026-08-29";"Norte";"Elisa Rocha";"Treinamento";"830.5";"498.3"
"2026-08-30";"Centro-Oeste";"Ana Costa";"Plano Business";"1001";"400.4"
"2026-08-30";"Sudeste";"Bruno Lima";"Plano Pro";"1171.5";"585.75"
"2026-08-30";"Norte";"Carla Souza";"Consultoria";"1342";"805.2"
"2026-08-30";"Sul";"Diego Alves";"Treinamento";"1211";"484.4"
"2026-08-31";"Sudeste";"Elisa Rocha";"Plano Business";"1381.5";"690.75"
"2026-08-31";"Nordeste";"Ana Costa";"Plano Pro";"1552";"931.2"
"2026-08-31";"Sul";"Bruno Lima";"Consultoria";"1722.5";"689"
"2026-08-31";"Sudeste";"Carla Souza";"Treinamento";"543";"271.5"
"2026-09-01";"Nordeste";"Diego Alves";"Plano Business";"713.5";"428.1"
"2026-09-01";"Sul";"Elisa Rocha";"Plano Pro";"884";"353.6"
"2026-09-01";"Centro-Oeste";"Ana Costa";"Consultoria";"1054.5";"527.25"
"2026-09-01";"Nordeste";"Bruno Lima";"Treinamento";"1225";"735"
"2026-09-02";"Norte";"Carla Souza";"Plano Business";"1094";"437.6"
"2026-09-02";"Centro-Oeste";"Diego Alves";"Plano Pro";"1264.5";"632.25"
"2026-09-02";"Sudeste";"Elisa Rocha";"Consultoria";"1435";"861"
"2026-09-02";"Norte";"Ana Costa";"Treinamento";"1605.5";"642.2"
"2026-09-03";"Sul";"Bruno Lima";"Plano Business";"1776";"888"
"2026-09-03";"Sudeste";"Carla Souza";"Plano Pro";"596.5";"357.9"
"2026-09-03";"Nordeste";"Diego Alves";"Consultoria";"767";"306.8"
"2026-09-03";"Sul";"Elisa Rocha";"Treinamento";"937.5";"468.75"
"2026-09-04";"Sudeste";"Ana Costa";"Plano Business";"1108";"664.8"
"2026-09-04";"Nordeste";"Bruno Lima";"Plano Pro";"977";"390.8"
"2026-09-04";"Sul";"Carla Souza";"Consultoria";"1147.5";"573.75"
"2026-09-04";"Centro-Oeste";"Diego Alves";"Treinamento";"1318";"790.8"
"2026-09-05";"Nordeste";"Elisa Rocha";"Plano Business";"1488.5";"595.4"
"2026-09-05";"Norte";"Ana Costa";"Plano Pro";"1659";"829.5"
"2026-09-05";"Centro-Oeste";"Bruno Lima";"Consultoria";"1829.5";"1097.7"
"2026-09-05";"Sudeste";"Carla Souza";"Treinamento";"650";"260"
"2026-09-06";"Norte";"Diego Alves";"Plano Business";"820.5";"410.25"
"2026-09-06";"Sul";"Elisa Rocha";"Plano Pro";"991";"594.6"
"2026-09-06";"Sudeste";"Ana Costa";"Consultoria";"860";"344"
"2026-09-06";"Nordeste";"Bruno Lima";"Treinamento";"1030.5";"515.25"
"2026-09-07";"Sul";"Carla Souza";"Plano Business";"1201";"720.6"
"2026-09-07";"Sudeste";"Diego Alves";"Plano Pro";"1371.5";"548.6"
"2026-09-07";"Nordeste";"Elisa Rocha";"Consultoria";"1542";"771"
"2026-09-07";"Sul";"Ana Costa";"Treinamento";"1712.5";"1027.5"
"2026-09-08";"Centro-Oeste";"Bruno Lima";"Plano Business";"533";"213.2"
"2026-09-08";"Nordeste";"Carla Souza";"Plano Pro";"703.5";"351.75"
"2026-09-08";"Norte";"Diego Alves";"Consultoria";"874";"524.4"
"2026-09-08";"Centro-Oeste";"Elisa Rocha";"Treinamento";"743";"297.2"
"2026-09-09";"Sudeste";"Ana Costa";"Plano Business";"913.5";"456.75"
"2026-09-09";"Norte";"Bruno Lima";"Plano Pro";"1084";"650.4"
"2026-09-09";"Sul";"Carla Souza";"Consultoria";"1254.5";"501.8"
"2026-09-09";"Sudeste";"Diego Alves";"Treinamento";"1425";"712.5"
"2026-09-10";"Nordeste";"Elisa Rocha";"Plano Business";"1595.5";"957.3"
"2026-09-10";"Sul";"Ana Costa";"Plano Pro";"1766";"706.4"
"2026-09-10";"Sudeste";"Bruno Lima";"Consultoria";"586.5";"293.25"
"2026-09-10";"Nordeste";"Carla Souza";"Treinamento";"757";"454.2"
"2026-09-11";"Sul";"Diego Alves";"Plano Business";"626";"250.4"
"2026-09-11";"Centro-Oeste";"Elisa Rocha";"Plano Pro";"796.5";"398.25"
"2026-09-11";"Nordeste";"Ana Costa";"Consultoria";"967";"580.2"
"2026-09-11";"Norte";"Bruno Lima";"Treinamento";"1137.5";"455"
"2026-09-12";"Centro-Oeste";"Carla Souza";"Plano Business";"1308";"654"
"2026-09-12";"Sudeste";"Diego Alves";"Plano Pro";"1478.5";"887.1"
"2026-09-12";"Norte";"Elisa Rocha";"Consultoria";"1649";"659.6"
"2026-09-12";"Sul";"Ana Costa";"Treinamento";"1819.5";"909.75"
"2026-09-13";"Sudeste";"Bruno Lima";"Plano Business";"640";"384"
"2026-09-13";"Nordeste";"Carla Souza";"Plano Pro";"509";"203.6"
"2026-09-13";"Sul";"Diego Alves";"Consultoria";"679.5";"339.75"
"2026-09-13";"Sudeste";"Elisa Rocha";"Treinamento";"850";"510"
"2026-09-14";"Nordeste";"Ana Costa";"Plano Business";"1020.5";"408.2"
"2026-09-14";"Sul";"Bruno Lima";"Plano Pro";"1191";"595.5"
"2026-09-14";"Centro-Oeste";"Carla Souza";"Consultoria";"1361.5";"816.9"
"2026-09-14";"Nordeste";"Diego Alves";"Treinamento";"1532";"612.8"
"2026-09-15";"Norte";"Elisa Rocha";"Plano Business";"1702.5";"851.25"
"2026-09-15";"Centro-Oeste";"Ana Costa";"Plano Pro";"1873";"1123.8"
"2026-09-15";"Sudeste";"Bruno Lima";"Consultoria";"392";"156.8"
"2026-09-15";"Norte";"Carla Souza";"Treinamento";"562.5";"281.25"
"2026-09-16";"Sul";"Diego Alves";"Plano Business";"733";"439.8"
"2026-09-16";"Sudeste";"Elisa Rocha";"Plano Pro";"903.5";"361.4"
"2026-09-16";"Nordeste";"Ana Costa";"Consultoria";"1074";"537"
"2026-09-16";"Sul";"Bruno Lima";"Treinamento";"1244.5";"746.7"
"2026-09-17";"Sudeste";"Carla Souza";"Plano Business";"1415";"566"
"2026-09-17";"Nordeste";"Diego Alves";"Plano Pro";"1585.5";"792.75"
"2026-09-17";"Sul";"Elisa Rocha";"Consultoria";"1756";"1053.6"
"2026-09-17";"Centro-Oeste";"Ana Costa";"Treinamento";"1625";"650"
"2026-09-18";"Nordeste";"Bruno Lima";"Plano Business";"445.5";"222.75"
"2026-09-18";"Norte";"Carla Souza";"Plano Pro";"616";"369.6"
"2026-09-18";"Centro-Oeste";"Diego Alves";"Consultoria";"786.5";"314.6"
"2026-09-18";"Sudeste";"Elisa Rocha";"Treinamento";"957";"478.5"
"2026-09-19";"Norte";"Ana Costa";"Plano Business";"1127.5";"676.5"
"2026-09-19";"Sul";"Bruno Lima";"Plano Pro";"1298";"519.2"
"2026-09-19";"Sudeste";"Carla Souza";"Consultoria";"1468.5";"734.25"
"2026-09-19";"Nordeste";"Diego Alves";"Treinamento";"1639";"983.4"
"2026-09-20";"Sul";"Elisa Rocha";"Plano Business";"1508";"603.2"
"2026-09-20";"Sudeste";"Ana Costa";"Plano Pro";"1678.5";"839.25"
"2026-09-20";"Nordeste";"Bruno Lima";"Consultoria";"499";"299.4"
"2026-09-20";"Sul";"Carla Souza";"Treinamento";"669.5";"267.8"
"2026-09-21";"Centro-Oeste";"Diego Alves";"Plano Business";"840";"420"
"2026-09-21";"Nordeste";"Elisa Rocha";"Plano Pro";"1010.5";"606.3"
"2026-09-21";"Norte";"Ana Costa";"Consultoria";"1181";"472.4"
"2026-09-21";"Centro-Oeste";"Bruno Lima";"Treinamento";"1351.5";"675.75"
"2026-09-22";"Sudeste";"Carla Souza";"Plano Business";"1522";"913.2"
"2026-09-22";"Norte";"Diego Alves";"Plano Pro";"1391";"556.4"
"2026-09-22";"Sul";"Elisa Rocha";"Consultoria";"1561.5";"780.75"
"2026-09-22";"Sudeste";"Ana Costa";"Treinamento";"1732";"1039.2"
"2026-09-23";"Nordeste";"Bruno Lima";"Plano Business";"552.5";"221"
"2026-09-23";"Sul";"Carla Souza";"Plano Pro";"723";"361.5"
"2026-09-23";"Sudeste";"Diego Alves";"Consultoria";"893.5";"536.1"
"2026-09-23";"Nordeste";"Elisa Rocha";"Treinamento";"1064";"425.6"
"2026-09-24";"Sul";"Ana Costa";"Plano Business";"1234.5";"617.25"
"2026-09-24";"Centro-Oeste";"Bruno Lima";"Plano Pro";"1405";"843"
"2026-09-24";"Nordeste";"Carla Souza";"Consultoria";"1274";"509.6"
"2026-09-24";"Norte";"Diego Alves";"Treinamento";"1444.5";"722.25"
"2026-09-25";"Centro-Oeste";"Elisa Rocha";"Plano Business";"1615";"969"
"2026-09-25";"Sudeste";"Ana Costa";"Plano Pro";"435.5";"174.2"
"2026-09-25";"Norte";"Bruno Lima";"Consultoria";"606";"303"
"2026-09-25";"Sul";"Carla Souza";"Treinamento";"776.5";"465.9"
"2026-09-26";"Sudeste";"Diego Alves";"Plano Business";"947";"378.8"
"2026-09-26";"Nordeste";"Elisa Rocha";"Plano Pro";"1117.5";"558.75"
"2026-09-26";"Sul";"Ana Costa";"Consultoria";"1288";"772.8"
"2026-09-26";"Sudeste";"Bruno Lima";"Treinamento";"1157";"462.8"
"2026-09-27";"Nordeste";"Carla Souza";"Plano Business";"1327.5";"663.75"
"2026-09-27";"Sul";"Diego Alves";"Plano Pro";"1498";"898.8"
"2026-09-27";"Centro-Oeste";"Elisa Rocha";"Consultoria";"1668.5";"667.4"
"2026-09-27";"Nordeste";"Ana Costa";"Treinamento";"489";"244.5"
"2026-09-28";"Norte";"Bruno Lima";"Plano Business";"659.5";"395.7"
"2026-09-28";"Centro-Oeste";"Carla Souza";"Plano Pro";"830";"332"
"2026-09-28";"Sudeste";"Diego Alves";"Consultoria";"1000.5";"500.25"
"2026-09-28";"Norte";"Elisa Rocha";"Treinamento";"1171";"702.6"